{"cameraMode":{"drawMode":0,"name":"Shaded","section":"Shading Mode"},"sceneLighting":false,"audioPlay":false,"sceneViewState":{"m_AlwaysRefresh":false,"showFog":true,"showSkybox":false,"showFlares":true,"showImageEffects":true,"showParticleSystems":true,"showVisualEffectGraphs":true,"m_FxEnabled":true},"in2DMode":false,"pivot":{"x":-1.2485486268997193,"y":-0.7330915927886963,"z":2.439688205718994},"rotation":{"x":0.1509222686290741,"y":-3.140077708962963e-8,"z":-0.0000025994679617724616,"w":0.9885510206222534},"size":6.35478401184082,"orthographic":false}